{
	"info": {
		"_postman_id": "269f91b7-7c4b-4794-a14b-7f61fa25b78a",
		"name": "Udacity Cloud developer capstone",
		"schema": "https://schema.getpostman.com/json/collection/v2.1.0/collection.json"
	},
	"item": [
		{
			"name": "TODOs",
			"item": [
				{
					"name": "Create todo",
					"event": [
						{
							"listen": "test",
							"script": {
								"id": "f4a64acd-232e-45c7-946e-dd15305e9740",
								"exec": [
									"pm.test(\"Status code is 201\",function(){",
									"    pm.expect(pm.response.code).to.be.equal(201);",
									"    var jsonData = JSON.parse(responseBody);",
									"    postman.setEnvironmentVariable('newTodoId',jsonData.item.todoId);",
									"});"
								],
								"type": "text/javascript"
							}
						}
					],
					"request": {
						"method": "POST",
						"header": [
							{
								"key": "Content-Type",
								"name": "Content-Type",
								"value": "application/json",
								"type": "text"
							},
							{
								"key": "Authorization",
								"value": "Bearer {{authToken}}",
								"type": "text"
							}
						],
						"body": {
							"mode": "raw",
							"raw": "{\n\t\"name\": \"Water flowers\",\n\t\"dueDate\": \"2019-12-26\"\n}"
						},
						"url": {
							"raw": "https://{{apiId}}.execute-api.us-east-1.amazonaws.com/dev/todos",
							"protocol": "https",
							"host": [
								"{{apiId}}",
								"execute-api",
								"us-east-1",
								"amazonaws",
								"com"
							],
							"path": [
								"dev",
								"todos"
							]
						}
					},
					"response": []
				},
				{
					"name": "Create todo Invalid input",
					"event": [
						{
							"listen": "test",
							"script": {
								"id": "f4a64acd-232e-45c7-946e-dd15305e9740",
								"exec": [
									"pm.test(\"Status code is 400\",function(){",
									"    pm.expect(pm.response.code).to.be.equal(400);",
									"});"
								],
								"type": "text/javascript"
							}
						}
					],
					"request": {
						"method": "POST",
						"header": [
							{
								"key": "Content-Type",
								"name": "Content-Type",
								"type": "text",
								"value": "application/json"
							},
							{
								"key": "Authorization",
								"type": "text",
								"value": "Bearer {{authToken}}"
							}
						],
						"body": {
							"mode": "raw",
							"raw": "{\n\t\"name\": \"Water flowers\",\n\t\"dueDate\": \"2019-12-26\",\n\t\"demo\":\"demo\"\n}"
						},
						"url": {
							"raw": "https://{{apiId}}.execute-api.us-east-1.amazonaws.com/dev/todos",
							"protocol": "https",
							"host": [
								"{{apiId}}",
								"execute-api",
								"us-east-1",
								"amazonaws",
								"com"
							],
							"path": [
								"dev",
								"todos"
							]
						}
					},
					"response": []
				},
				{
					"name": "Get all todos",
					"event": [
						{
							"listen": "test",
							"script": {
								"id": "0ae3d188-66ae-4fd1-ae0c-8f9e2884b7bd",
								"exec": [
									"pm.test(\"Status code is 200\",function(){",
									"    pm.expect(pm.response.code).to.be.equal(200);",
									"});"
								],
								"type": "text/javascript"
							}
						}
					],
					"request": {
						"method": "GET",
						"header": [
							{
								"key": "Authorization",
								"value": "Bearer {{authToken}}",
								"type": "text"
							},
							{
								"key": "origin",
								"value": "http://localhost:3000",
								"type": "text"
							}
						],
						"url": {
							"raw": "https://{{apiId}}.execute-api.us-east-1.amazonaws.com/dev/todos",
							"protocol": "https",
							"host": [
								"{{apiId}}",
								"execute-api",
								"us-east-1",
								"amazonaws",
								"com"
							],
							"path": [
								"dev",
								"todos"
							],
							"query": [
								{
									"key": "todoId",
									"value": "02062019-2bf8-4e5a-80e9-4727bae88556",
									"disabled": true
								}
							]
						}
					},
					"response": []
				},
				{
					"name": "Update todo",
					"event": [
						{
							"listen": "test",
							"script": {
								"id": "4947c1a7-a4ac-49b0-a330-433ca5956616",
								"exec": [
									"pm.test(\"Status code is 204\",function(){",
									"    pm.expect(pm.response.code).to.be.equal(204);",
									"});"
								],
								"type": "text/javascript"
							}
						}
					],
					"request": {
						"method": "PATCH",
						"header": [
							{
								"key": "Content-Type",
								"name": "Content-Type",
								"type": "text",
								"value": "application/json"
							},
							{
								"key": "Authorization",
								"type": "text",
								"value": "Bearer {{authToken}}"
							}
						],
						"body": {
							"mode": "raw",
							"raw": "{\n\t\"name\": \"Change the world\",\n\t\"dueDate\": \"2019-12-11\",\n\t\"done\": true\n}"
						},
						"url": {
							"raw": "https://{{apiId}}.execute-api.us-east-1.amazonaws.com/dev/todos/{{newTodoId}}",
							"protocol": "https",
							"host": [
								"{{apiId}}",
								"execute-api",
								"us-east-1",
								"amazonaws",
								"com"
							],
							"path": [
								"dev",
								"todos",
								"{{newTodoId}}"
							]
						}
					},
					"response": []
				},
				{
					"name": "Update todo invalid input",
					"event": [
						{
							"listen": "test",
							"script": {
								"id": "4947c1a7-a4ac-49b0-a330-433ca5956616",
								"exec": [
									"pm.test(\"Status code is 400\",function(){",
									"    pm.expect(pm.response.code).to.be.equal(400);",
									"});"
								],
								"type": "text/javascript"
							}
						}
					],
					"request": {
						"method": "PATCH",
						"header": [
							{
								"key": "Content-Type",
								"name": "Content-Type",
								"type": "text",
								"value": "application/json"
							},
							{
								"key": "Authorization",
								"type": "text",
								"value": "Bearer {{authToken}}"
							}
						],
						"body": {
							"mode": "raw",
							"raw": "{\n\t\"name\": \"Change the world\",\n\t\"dueDate\": \"2019-12-11\",\n\t\"done\": true,\n\t\"demo\":\"demo\"\n}"
						},
						"url": {
							"raw": "https://{{apiId}}.execute-api.us-east-1.amazonaws.com/dev/todos/{{newTodoId}}",
							"protocol": "https",
							"host": [
								"{{apiId}}",
								"execute-api",
								"us-east-1",
								"amazonaws",
								"com"
							],
							"path": [
								"dev",
								"todos",
								"{{newTodoId}}"
							]
						}
					},
					"response": []
				},
				{
					"name": "Get attachment URL",
					"event": [
						{
							"listen": "test",
							"script": {
								"id": "09a9c2dc-f5e3-4563-8f07-3765bc44186f",
								"exec": [
									"pm.test(\"Status code is 200\",function(){",
									"    pm.expect(pm.response.code).to.be.equal(200);",
									"});"
								],
								"type": "text/javascript"
							}
						}
					],
					"request": {
						"method": "POST",
						"header": [
							{
								"key": "Authorization",
								"value": "Bearer {{authToken}}",
								"type": "text"
							}
						],
						"body": {
							"mode": "raw",
							"raw": ""
						},
						"url": {
							"raw": "https://{{apiId}}.execute-api.us-east-1.amazonaws.com/dev/todos/{{newTodoId}}/attachment",
							"protocol": "https",
							"host": [
								"{{apiId}}",
								"execute-api",
								"us-east-1",
								"amazonaws",
								"com"
							],
							"path": [
								"dev",
								"todos",
								"{{newTodoId}}",
								"attachment"
							]
						}
					},
					"response": []
				},
				{
					"name": "Delete todo",
					"event": [
						{
							"listen": "test",
							"script": {
								"id": "f5409a67-1851-42bd-bf47-1a91a85dd31c",
								"exec": [
									"pm.test(\"Status code is 204\",function(){",
									"    pm.expect(pm.response.code).to.be.equal(204);",
									"});"
								],
								"type": "text/javascript"
							}
						}
					],
					"request": {
						"method": "DELETE",
						"header": [
							{
								"key": "Content-Type",
								"name": "Content-Type",
								"type": "text",
								"value": "application/json"
							},
							{
								"key": "Authorization",
								"type": "text",
								"value": "Bearer {{authToken}}"
							}
						],
						"body": {
							"mode": "raw",
							"raw": ""
						},
						"url": {
							"raw": "https://{{apiId}}.execute-api.us-east-1.amazonaws.com/dev/todos/{{newTodoId}}",
							"protocol": "https",
							"host": [
								"{{apiId}}",
								"execute-api",
								"us-east-1",
								"amazonaws",
								"com"
							],
							"path": [
								"dev",
								"todos",
								"{{newTodoId}}"
							]
						}
					},
					"response": []
				}
			],
			"event": [
				{
					"listen": "prerequest",
					"script": {
						"id": "ce2b42d4-8cc5-4f30-a6ed-e7f0f303c3fd",
						"type": "text/javascript",
						"exec": [
							""
						]
					}
				},
				{
					"listen": "test",
					"script": {
						"id": "efb16c49-3866-4241-97d1-360ad72736d8",
						"type": "text/javascript",
						"exec": [
							""
						]
					}
				}
			],
			"protocolProfileBehavior": {}
		}
	],
	"event": [
		{
			"listen": "prerequest",
			"script": {
				"id": "2e83c0fe-6650-44d5-a90f-4c27ff720d83",
				"type": "text/javascript",
				"exec": [
					""
				]
			}
		},
		{
			"listen": "test",
			"script": {
				"id": "977c227e-2df3-42eb-9a48-ec25e2f7eeae",
				"type": "text/javascript",
				"exec": [
					""
				]
			}
		}
	],
	"variable": [
		{
			"id": "d8f32e26-5f73-4085-b880-1899bcaab39d",
			"key": "apiId",
			"value": "",
			"type": "string"
		},
		{
			"id": "28734378-ca65-4284-a901-4933736941ae",
			"key": "authToken",
			"value": "",
			"type": "string"
		}
	],
	"protocolProfileBehavior": {}
}